id,age,income,gender,purchase_amount,signup_date
630,66,53261.49,Female,247.06,2023-12-12
789,65,,Male,56.42,2023-05-04
685,59,70764.09,Female,264.08,2023-10-18
517,64,41432.32,Female,98.24,2023-08-25
530,53,52963.99,Female,64.41,2023-04-18
658,53,60517.59,male,78.9,2023-06-20
553,45,,Male,135.92,2023-07-01
532,47,39662.18,Male,87.73,2023-03-31
322,65,43065.87,FEMALE,221.56,2023-01-02
71,23,67516.73,Female,201.82,2023-08-02
838,27,47195.43,Male,69.87,2023-10-05
454,69,42469.19,Female,60.74,2023-07-14
997,64,36687.62,Female,19.35,2023-05-22
669,40,35129.11,male,93.37,2023-05-26
248,41,,Male,74.97,2023-07-07
614,66,48789.25,Female,32.78,2023-12-29
845,63,35909.97,Female,82.45,2023-04-16
705,21,35262.69,Female,93.95,2023-03-24
299,22,52665.52,Female,103.84,2023-02-14
102,18,84060.39,Female,50.0,2023-05-28
903,46,,Male,17.18,2023-07-01
920,68,58049.79,Male,94.9,2023-08-25
214,41,45356.8,Female,232.85,2023-01-18
238,19,,Male,42.84,2023-10-22
596,67,43578.27,Male,0.86,2023-05-26
282,42,48559.1,Male,43.67,2023-03-17
871,65,58121.94,Female,135.16,2023-03-29
287,59,40595.49,Female,104.1,2023-09-12
923,33,64940.72,Female,,2023-08-30
888,47,36727.96,Male,114.01,2023-09-17
465,56,27117.12,Male,48.18,2023-12-17
797,22,52880.74,Male,40.49,2023-03-05
97,62,27821.21,FEMALE,131.4,2023-01-26
245,28,50276.51,Female,120.89,2023-12-03
890,44,75675.63,Male,411.03,2023-01-19
77,61,55916.78,Female,62.2,2023-02-28
902,22,40914.28,Male,0.59,2023-11-12
210,41,67389.95,Female,155.71,2023-09-22
260,33,30806.35,Male,35.19,2023-07-10
159,56,44963.23,Female,36.36,2023-10-23
740,64,54647.31,male,19.99,2023-02-23
433,37,48570.57,Female,60.25,2023-04-07
332,33,52948.32,Female,10.62,2023-12-04
957,31,57364.62,Male,14.83,2023-12-06
315,66,49406.67,Male,4.76,2023-04-21
295,19,39092.94,Female,8.96,2023-08-01
383,54,40808.17,Female,40.21,2023-07-11
389,52,,Male,110.12,2023-12-10
576,29,67590.94,Male,49.19,2023-05-23
880,68,58689.37,Male,146.89,2023-12-14
443,45,67925.7,Male,7.52,2023-03-08
722,37,58149.47,Male,55.01,2023-01-25
60,61,33054.4,Female,,2023-02-28
679,34,12508.91,Male,41.88,2023-05-19
371,21,40439.19,Male,278.15,2023-07-09
483,36,48653.96,Female,11.51,2023-05-23
382,58,76938.17,Female,21.03,2023-04-12
55,19,37093.8,Female,35.19,2023-07-29
24,19,42693.12,Female,34.54,2023-01-19
31,66,46415.78,Female,,2023-07-30
881,56,51793.71,Male,34.53,2023-11-17
431,53,53740.76,Female,175.44,2023-10-31
11,28,51160.52,Male,98.8,2023-08-23
657,38,58961.0,Male,20.22,2023-04-08
814,43,48516.66,Male,155.06,2023-02-03
484,45,71601.76,Female,146.06,2023-09-07
544,18,56544.86,Male,83.03,2023-12-11
200,56,33064.22,Female,0.27,2023-12-09
502,56,49284.33,Male,238.46,2023-02-09
941,38,44525.71,Male,166.89,2023-10-03
108,61,37158.74,Male,89.79,2023-12-06
219,69,42159.15,Male,70.11,2023-01-13
926,33,,Male,99.52,2023-02-10
175,24,50208.94,FEMALE,5.21,2023-05-05
724,25,50608.88,Female,67.14,2023-12-21
882,55,35403.97,Male,54.63,2023-02-16
934,20,63917.6,Female,88.21,2023-03-17
395,50,42235.83,Female,99.12,2023-12-05
40,69,58150.4,Female,237.56,2023-02-20
834,20,30322.46,Female,13.19,2023-12-09
774,43,31855.38,Male,53.68,2023-01-08
352,63,38483.04,Male,41.55,2023-01-01
67,67,55567.19,Female,9.33,2023-09-17
278,57,60504.65,Female,36.26,2023-02-01
68,57,40940.22,Male,110.66,2023-07-12
911,22,80200.81,Male,101.82,2023-10-25
440,68,34602.27,Male,19.25,2023-08-25
737,62,37469.79,Male,108.38,2023-11-28
297,65,48883.5,Female,1.24,2023-03-25
621,29,81325.62,Female,97.3,2023-11-10
491,18,62609.65,Male,0.0,2023-04-22
820,50,64880.64,Male,,2023-06-29
559,67,75258.92,Male,33.52,2023-07-27
425,52,29602.16,Male,349.93,2023-12-21
925,28,28672.84,Male,167.19,2023-10-10
313,69,33784.15,Female,35.53,2023-09-21
185,61,46175.34,Female,22.17,2023-12-10
333,58,65477.67,Female,68.18,2023-09-26
89,38,50276.28,Male,123.02,2023-03-31
64,31,38046.57,Male,,2023-11-17
835,40,34023.3,Male,48.54,2023-05-06
577,48,58154.0,Female,88.72,2023-11-06
216,69,31233.3,Male,81.31,2023-09-28
616,49,20026.99,Female,71.85,2023-03-06
514,31,45783.5,Female,162.55,2023-11-07
291,43,59486.12,Female,9.39,2023-12-11
378,46,59493.98,Female,368.4,2023-08-01
892,51,25796.58,Male,27.12,2023-11-02
970,43,75533.22,Male,39.64,2023-05-30
947,38,46681.2,Female,120.75,2023-06-13
787,30,38967.05,Male,7.58,2023-03-12
426,67,61193.8,Male,3.22,2023-08-26
697,62,35171.13,Male,,2023-08-13
996,60,56292.99,Male,423.09,2023-03-28
310,41,53115.32,Female,107.01,2023-10-06
87,40,21938.12,Female,276.48,2023-06-05
732,42,63423.87,Female,54.1,2023-08-02
756,48,41696.18,Female,7.8,2023-11-29
311,50,54073.68,Male,106.11,2023-06-23
539,69,57842.53,Male,,2023-07-03
137,44,57215.14,Male,36.59,2023-04-29
959,62,59943.22,Female,17.28,2023-12-25
1000,55,44407.5,Female,9.75,2023-02-15
729,30,31342.05,Male,32.47,2023-04-09
262,20,,Female,15.55,2023-08-08
548,33,34658.11,Female,115.18,2023-04-11
169,32,77734.34,Female,9.18,2023-02-25
791,30,33615.31,Male,15.09,2023-10-12
449,68,41672.01,Female,141.1,2023-01-10
140,52,,Male,8.24,2023-03-05
686,26,58458.64,FEMALE,7.52,2023-01-22
667,22,73917.58,Male,11.78,2023-10-15
858,25,52556.24,Male,81.67,2023-11-18
519,47,70990.33,male,62.52,2023-12-15
679,34,12508.91,Male,41.88,2023-05-19
534,40,52968.66,Female,7.57,2023-08-08
56,37,44231.67,Male,2.82,2023-03-16
121,58,63044.09,Male,24.43,2023-03-14
531,50,81128.91,Male,24.62,2023-11-28
26,50,37040.14,Male,29.13,2023-03-15
73,21,55064.04,Male,43.48,2023-07-28
45,38,25586.86,Female,41.09,2023-04-23
250,69,35324.41,Male,148.51,2023-09-27
405,67,58758.92,Female,48.37,2023-10-20
848,62,58998.93,Male,158.22,2023-03-09
704,62,64111.57,Female,146.96,2023-07-21
919,28,34296.34,Female,67.82,2023-07-27
199,20,60825.08,Female,127.99,2023-11-12
543,49,75913.15,Male,177.68,2023-02-21
356,62,35024.69,Male,19.39,2023-04-08
324,52,45362.42,Male,107.66,2023-07-29
650,64,56328.81,Female,6.76,2023-11-09
917,60,68006.21,Male,10.58,2023-10-30
236,18,52254.53,Male,48.58,2023-02-17
581,67,67231.49,Female,56.32,2023-09-02
950,22,62236.06,Male,22.22,2023-03-19
944,45,20504.65,Male,5.61,2023-03-07
908,34,38698.73,Male,103.74,2023-10-08
300,54,,male,51.08,2023-05-07
61,25,57947.06,Female,168.13,2023-12-11
328,63,36580.89,Female,5.5,2023-04-06
932,20,82475.04,Female,11.91,2023-01-12
602,38,81151.22,Male,30.47,2023-01-19
448,39,49013.75,Female,13.48,2023-12-26
830,22,62266.49,Male,39.22,2023-10-15
651,33,74205.67,Male,63.97,2023-10-13
599,46,44770.22,Male,55.72,2023-01-14
545,22,50570.05,Female,91.39,2023-03-17
785,50,48331.61,Female,198.26,2023-05-31
306,65,56887.7,Male,256.0,2023-02-27
319,57,64074.26,Female,96.33,2023-06-05
761,28,41274.79,Female,12.16,2023-03-20
495,49,43215.41,Female,253.04,2023-01-18
266,43,386692.60000000003,Female,4.19,2023-08-25
111,28,57184.7,Male,,2023-11-14
694,36,45789.87,Female,39.89,2023-03-17
945,59,80843.11,Female,83.39,2023-11-17
528,38,41971.47,Male,3.03,2023-01-30
257,50,74982.12,Male,93.92,2023-11-29
261,46,40627.72,FEMALE,87.43,2023-04-30
635,30,86051.23,Male,38.46,2023-10-14
824,18,36522.98,Male,18.68,2023-03-11
430,24,53287.25,Female,98.25,2023-07-29
631,37,63051.02,Male,8.42,2023-10-11
381,52,73212.58,Female,59.0,2023-12-08
434,18,,Female,30.93,2023-07-27
735,23,39897.64,Female,158.0,2023-03-05
138,52,53358.26,Female,4.78,2023-09-25
358,25,46790.17,Male,79.68,2023-09-22
529,56,69760.91,Male,21.58,2023-09-24
222,19,28873.08,Male,12.79,2023-02-09
757,18,,male,101.21,2023-09-03
597,62,72511.4,Female,78.46,2023-09-30
560,52,43116.74,Female,12.46,2023-01-08
364,50,57386.77,Female,39.7,2023-06-04
526,43,,Male,61.36,2023-07-07
209,61,44585.51,Male,108.89,2023-08-14
412,59,67539.43,Female,17.58,2023-06-13
335,50,54005.75,Female,,2023-04-04
211,32,33784.05,Male,39.82,2023-10-05
351,39,,Female,69.77,2023-07-01
79,27,54346.62,Female,23.56,2023-07-26
30,42,49246.43,Male,54.62,2023-02-17
281,45,88401.27,Male,0.7,2023-07-06
586,25,67412.4,Female,25.95,2023-02-27
753,66,37944.88,Male,4.05,2023-10-25
781,53,58081.34,Female,213.76,2023-12-15
290,33,,Female,261.12,2023-11-04
166,40,49185.58,Female,64.75,2023-07-11
606,26,53581.84,Male,36.29,2023-04-10
875,54,41806.33,Female,34.35,2023-11-23
721,45,51834.46,Male,188.91,2023-05-07
66,53,46954.32,Female,109.42,2023-11-23
142,64,70181.3,Female,206.54,2023-12-16
276,56,52772.54,Female,37.37,2023-01-06
836,54,45421.63,Female,37.17,2023-03-16
656,69,31585.88,Female,234.7,2023-03-01
466,21,39621.38,Female,16.03,2023-12-06
671,60,40415.57,Female,15.85,2023-04-06
320,37,42259.33,Male,44.95,2023-07-08
399,59,87903.99,Male,19.89,2023-01-06
307,33,48947.51,Male,131.44,2023-11-24
308,20,25085.59,Male,1.67,2023-08-07
829,34,49624.6,Female,37.62,2023-01-09
334,53,27716.59,Female,106.41,2023-06-20
50,42,25077.2,Female,148.6,2023-10-15
826,65,49863.22,Female,225.08,2023-08-27
3,46,38654.74,FEMALE,49.29,2023-10-18
549,41,46139.35,Female,15.2,2023-04-21
353,47,,Male,10.09,2023-02-13
913,23,44520.18,Male,106.62,2023-08-13
952,29,41253.84,Female,21.46,2023-10-12
347,65,43697.2,Female,86.1,2023-06-29
412,59,67539.43,Female,17.58,2023-06-13
825,38,50422.72,Male,17.35,2023-04-26
582,52,23904.29,Male,35.36,2023-06-12
34,45,61330.87,Male,25.2,2023-04-20
32,44,36386.55,Male,125.56,2023-12-09
232,40,55987.04,Male,72.33,2023-07-30
755,32,,Female,183.32,2023-07-07
193,50,28887.32,Female,0.01,2023-07-11
515,45,,Female,115.04,2023-02-06
4,32,28666.19,FEMALE,232.73,2023-03-27
205,54,46395.12,Female,31.27,2023-11-09
540,48,41394.5,Male,83.63,2023-06-11
663,59,47403.92,Female,63.73,2023-04-18
989,31,67949.47,Female,4.87,2023-05-29
110,41,42835.14,Female,10.11,2023-05-24
603,53,55729.03,Male,,2023-03-04
78,51,43685.23,Male,32.94,2023-02-12
85,25,19428.13,Male,60.27,2023-06-15
527,65,65743.29,Female,212.88,2023-11-03
83,65,68018.21,Male,50.12,2023-01-20
255,65,53840.45,Female,10.28,2023-03-13
765,33,50511.25,Female,76.39,2023-03-04
429,30,45383.33,Male,34.88,2023-10-11
916,60,35425.79,Female,51.09,2023-02-11
524,33,55902.28,Female,12.82,2023-01-02
468,62,53650.09,Female,14.42,2023-05-12
645,45,54539.53,Male,64.78,2023-09-21
6,25,33776.78,Female,2.78,2023-04-24
406,49,44610.62,Female,0.85,2023-09-01
469,49,46381.46,Female,28.2,2023-03-28
98,58,67156.31,Male,156.5,2023-03-16
927,25,45159.8,Male,63.64,2023-12-02
360,44,60122.29,Male,22.48,2023-09-28
877,31,27816.33,Female,162.43,2023-04-05
267,20,40827.23,Female,8.28,2023-09-03
423,59,52866.49,Male,35.51,2023-07-05
463,61,77699.55,Female,106.11,2023-06-24
696,65,48524.91,Female,0.64,2023-09-27
974,66,23588.56,Female,147.95,2023-07-25
494,51,21656.89,male,3.93,2023-04-01
119,59,61354.83,Female,79.07,2023-03-29
972,18,89025.25,Female,21.04,2023-06-22
251,51,56123.79,Female,17.01,2023-04-05
343,24,43317.46,Female,174.63,2023-06-29
10,40,72199.16,Female,1.65,2023-09-13
197,30,640351.8,Female,85.93,2023-12-21
742,33,56206.99,Female,39.05,2023-09-29
82,48,45109.65,Female,34.2,2023-04-28
949,18,54611.1,FEMALE,111.36,2023-02-26
480,47,69937.29,Female,82.8,2023-08-02
626,52,34198.77,Male,275.14,2023-07-06
240,43,,Male,32.2,2023-07-06
293,69,59327.15,Male,102.93,2023-10-14
212,49,59239.03,Male,168.51,2023-03-30
901,34,82359.62,Male,86.35,2023-05-24
362,38,,Female,43.09,2023-08-25
533,54,76039.46,Female,,2023-07-24
228,66,75446.85,Female,84.87,2023-07-27
865,18,11691.18,Male,129.75,2023-12-18
363,47,52496.78,Female,55.37,2023-03-13
853,57,52230.01,Male,110.17,2023-07-08
955,51,46269.63,Male,27.46,2023-04-11
965,64,42070.75,male,100.15,2023-08-04
366,64,86829.5,Female,12.69,2023-09-25
771,25,20093.97,Male,25.95,2023-03-04
860,43,50045.69,Female,0.7,2023-05-18
372,52,67835.25,Female,110.3,2023-05-19
8,56,63224.6,Female,34.37,2023-07-02
156,30,51099.77,Female,23.09,2023-03-25
546,62,51800.47,Female,138.48,2023-10-05
808,35,17706.64,Male,92.28,2023-09-29
486,54,77014.11,Male,23.24,2023-01-25
585,43,30579.78,Female,11.98,2023-07-16
786,37,36441.39,Male,146.3,2023-09-27
571,27,57410.45,Female,85.42,2023-09-19
478,67,56715.63,Female,126.48,2023-12-06
583,40,44563.39,Male,9.89,2023-03-01
943,35,34327.86,Male,14.57,2023-03-01
698,18,33446.16,Male,66.51,2023-01-18
833,55,50155.29,Male,84.78,2023-01-05
535,27,40228.73,Male,50.49,2023-04-04
588,43,55197.56,Female,143.58,2023-08-05
715,36,,Male,78.22,2023-09-05
452,39,17017.91,Male,61.0,2023-06-01
457,32,53657.01,Female,23.24,2023-09-28
229,19,53165.26,Male,24.77,2023-07-20
860,43,50045.69,Female,0.7,2023-05-18
750,35,29452.96,Male,1.55,2023-12-30
213,49,,Female,33.16,2023-06-25
80,53,81131.01,Male,15.9,2023-09-25
149,56,24613.03,Male,110.77,2023-09-08
303,58,58396.86,Female,0.09,2023-07-24
666,48,28399.24,FEMALE,7.84,2023-01-06
329,35,47196.93,Male,31.86,2023-08-09
670,46,17699.15,Female,150.19,2023-09-28
345,34,736935.8,Male,44.44,2023-12-30
712,44,54796.73,Male,43.0,2023-01-30
508,43,50403.29,Male,25.26,2023-07-22
134,61,51938.32,Male,46.81,2023-10-03
555,44,31613.52,Male,90.89,2023-07-28
312,41,30848.77,Male,42.87,2023-11-24
759,33,44313.08,Male,74.53,2023-11-11
500,18,56381.86,Female,0.1,2023-05-31
1,56,25903.31,Male,46.53,2023-07-06
317,53,50424.78,Female,19.82,2023-09-26
714,43,56607.12,Male,65.33,2023-08-25
552,66,59707.94,Male,268.86,2023-07-10
804,62,30031.51,Female,,2023-11-22
537,53,45194.79,Female,32.26,2023-08-11
746,53,,Male,4.63,2023-07-06
846,18,47838.69,Female,16.17,2023-04-05
173,30,88600.4,Female,61.71,2023-01-28
126,29,31330.18,Male,10.79,2023-08-27
990,68,40853.26,Female,6.98,2023-04-14
424,43,,Male,176.39,2023-09-09
809,49,55828.68,Female,50.64,2023-05-26
912,51,52048.03,Male,61.35,2023-10-23
91,62,54903.91,Male,,2023-01-13
948,23,45847.8,Female,75.42,2023-06-08
182,23,41848.63,Female,51.4,2023-08-11
275,57,57399.77,Female,9.3,2023-07-04
904,21,54489.39,Male,75.86,2023-01-30
70,19,47664.84,Male,146.74,2023-04-14
292,65,64588.32,Male,1.2,2023-05-07
132,54,33117.66,Female,66.56,2023-04-05
301,49,55702.97,Female,29.95,2023-04-24
933,49,40347.23,Female,44.96,2023-03-14
327,35,68836.34,Female,230.34,2023-01-13
145,18,35155.93,Female,51.75,2023-03-12
498,57,61406.22,Male,25.36,2023-08-02
678,61,45127.53,Male,20.43,2023-04-16
951,58,62907.1,Male,82.52,2023-07-13
136,39,60886.5,Female,36.64,2023-11-05
782,44,36189.9,Female,27.69,2023-06-24
165,54,9546.7,Male,270.36,2023-04-20
29,61,54056.85,Male,56.48,2023-10-03
961,26,52715.32,Male,21.52,2023-04-20
194,18,38332.75,Male,50.1,2023-09-23
962,43,30547.52,Male,75.92,2023-11-30
644,24,32804.82,Female,242.13,2023-02-14
170,60,66898.48,Male,153.66,2023-03-01
986,19,55920.07,Female,130.45,2023-12-31
141,54,78230.37,Female,115.6,2023-10-25
174,49,50888.28,FEMALE,68.62,2023-02-18
7,38,75307.12,Female,2.2,2023-12-22
897,32,40915.77,Male,32.3,2023-07-14
482,34,60635.06,Female,74.42,2023-09-10
74,46,43821.85,Male,277.39,2023-04-03
690,22,54217.87,Male,96.59,2023-09-24
584,34,33204.95,Female,140.33,2023-01-06
239,61,54617.03,Female,16.4,2023-07-15
146,22,48113.2,Female,24.92,2023-12-30
800,19,47712.95,Male,78.38,2023-11-07
235,50,51713.41,Male,,2023-08-15
221,56,39434.84,Male,0.31,2023-02-01
479,59,59640.84,male,28.26,2023-04-26
719,30,51878.37,Female,114.47,2023-11-10
133,52,86686.28,Male,6.49,2023-08-10
522,22,40295.95,Female,55.04,2023-02-28
985,41,75048.57,Female,,2023-05-31
186,61,72559.89,Female,48.06,2023-10-05
42,54,58558.98,Female,29.86,2023-09-25
617,41,63744.92,Female,77.92,2023-12-21
109,25,51073.49,Male,82.56,2023-04-26
595,21,26651.27,Male,165.58,2023-08-30
57,45,65094.39,Female,45.18,2023-10-04
409,40,62307.23,Female,182.44,2023-08-06
446,49,55658.18,Female,2.78,2023-03-14
568,18,70701.37,Female,246.06,2023-06-15
869,47,32448.3,Male,42.01,2023-09-02
25,38,41114.09,Male,34.09,2023-06-20
421,56,50431.17,Female,8.83,2023-07-07
450,42,78217.36,Female,23.24,2023-07-30
536,22,42741.71,Male,49.78,2023-04-13
779,54,58374.9,Male,25.75,2023-10-11
661,56,47749.17,Male,26.27,2023-12-16
935,44,50855.2,Female,22.12,2023-12-12
339,38,42240.67,Male,34.39,2023-12-03
52,67,31834.76,Male,58.98,2023-06-04
716,56,,Female,5.92,2023-01-25
520,63,63869.51,Male,75.73,2023-07-16
929,57,69922.91,Male,153.96,2023-06-09
639,29,66582.89,Female,16.09,2023-10-07
265,36,52801.5,FEMALE,32.1,2023-05-11
542,36,82134.06,Male,43.36,2023-01-31
718,62,70462.11,Female,127.62,2023-07-25
689,19,61383.93,Male,6.8,2023-09-04
590,43,57155.61,Female,111.51,2023-10-30
523,29,60473.35,Male,86.49,2023-08-28
451,39,28279.79,Male,210.35,2023-11-19
19,19,63892.66,Male,64.66,2023-12-05
723,45,50732.9,Female,,2023-11-30
487,43,49397.63,Male,38.76,2023-10-04
573,61,41745.42,Female,55.34,2023-01-14
437,33,433035.0,Male,58.12,2023-03-17
368,22,42035.05,Male,16.43,2023-04-17
84,32,43878.87,Male,47.45,2023-08-10
62,64,71623.53,Female,89.65,2023-07-01
441,40,51994.55,Male,14.89,2023-01-25
273,58,35759.02,Male,28.81,2023-03-13
286,47,,Male,26.16,2023-12-15
361,51,33159.17,Female,115.14,2023-05-20
355,55,73257.51,Female,52.8,2023-11-27
653,52,46337.65,Male,73.19,2023-05-26
279,18,41365.43,Male,52.99,2023-04-09
13,41,72846.86,Male,23.9,2023-01-03
183,45,39307.31,Female,10.79,2023-12-04
369,65,40652.89,Female,3.59,2023-08-20
496,65,13641.81,Male,17.94,2023-05-29
622,66,47906.16,Male,7.48,2023-05-08
224,66,59090.15,Female,76.84,2023-08-06
811,66,49908.94,Male,6.11,2023-01-30
706,53,46630.5,Male,0.97,2023-05-05
507,29,46685.54,Male,38.45,2023-07-19
550,33,24971.24,Male,29.65,2023-11-17
589,27,49296.19,Male,78.18,2023-01-26
738,49,82177.24,Female,42.4,2023-05-01
177,39,52971.27,Female,19.39,2023-02-05
741,38,,Female,85.56,2023-11-27
634,39,55474.42,Male,85.35,2023-07-13
592,68,30755.12,Male,68.63,2023-01-20
591,51,51152.33,Female,20.18,2023-01-05
394,40,76918.37,Male,265.0,2023-04-14
164,47,45909.15,Male,71.61,2023-12-26
249,22,52937.68,Male,44.74,2023-12-12
708,48,35474.83,Female,,2023-03-10
894,55,46860.14,Female,30.21,2023-11-27
676,26,83786.54,Male,1.09,2023-04-22
376,45,57071.23,Male,15.35,2023-09-30
413,19,70732.38,Female,27.17,2023-02-27
75,35,42685.91,Male,46.24,2023-05-22
114,25,42349.75,Male,22.87,2023-02-14
579,19,61575.48,Female,13.83,2023-09-26
939,68,58074.44,Female,16.94,2023-08-14
391,69,29310.21,Male,201.4,2023-05-29
105,26,43109.59,Male,1.35,2023-10-23
115,52,45951.88,Male,16.56,2023-08-27
418,26,37745.96,Male,2.07,2023-04-15
594,24,,Female,125.21,2023-02-28
458,60,41538.82,male,30.48,2023-06-12
410,19,57609.11,Female,18.18,2023-06-26
93,64,62441.08,Female,15.66,2023-10-20
569,50,40616.56,Female,40.3,2023-12-03
90,33,75146.56,Male,101.23,2023-04-04
337,50,51234.26,Male,116.67,2023-04-22
999,35,60835.72,Male,37.08,2023-07-18
930,21,,Female,60.53,2023-03-30
942,22,37411.85,Male,49.52,2023-02-08
612,53,50779.19,Male,28.29,2023-05-25
600,53,44761.13,Female,23.74,2023-01-13
618,40,55197.33,Male,70.03,2023-10-15
95,43,53534.22,Female,134.67,2023-11-18
12,28,37080.74,Female,42.94,2023-12-21
397,35,49753.66,FEMALE,45.36,2023-06-05
874,32,11134.37,Male,5.51,2023-01-04
44,24,22926.77,Female,10.49,2023-09-03
43,68,38551.11,Female,60.8,2023-02-19
330,19,43404.03,Male,17.88,2023-08-26
168,62,60443.1,Male,73.05,2023-12-16
501,33,35495.36,Female,91.48,2023-07-11
885,67,,male,73.15,2023-07-18
604,27,56450.62,Female,28.46,2023-08-27
893,69,72067.55,Female,17.4,2023-06-20
101,62,59491.73,Female,41.63,2023-05-30
427,42,59682.26,Male,100.19,2023-12-26
179,19,41395.07,male,121.03,2023-10-09
445,19,41616.17,Male,17.47,2023-04-28
417,50,68097.63,Female,39.19,2023-10-15
654,29,64461.31,Female,21.78,2023-07-16
891,68,29421.48,Female,57.32,2023-10-23
665,31,33555.87,Female,205.27,2023-04-03
178,45,47834.59,Male,87.61,2023-04-11
396,20,53356.82,Female,12.34,2023-12-25
683,30,65338.56,Male,,2023-10-24
802,47,64350.53,Female,82.88,2023-05-28
971,53,53611.3,Male,2.22,2023-02-05
981,43,46864.65,Female,153.32,2023-05-28
384,41,44184.48,Female,63.02,2023-11-06
967,60,68574.25,Male,6.48,2023-05-08
619,49,64970.15,Male,15.53,2023-06-13
258,26,65215.55,Female,26.55,2023-06-09
336,21,63344.46,Male,11.13,2023-05-29
16,41,47144.92,Female,218.52,2023-12-07
636,36,49135.72,Female,29.78,2023-09-16
325,42,53332.01,Female,332.34,2023-10-13
766,25,38450.4,Male,149.41,2023-01-12
223,20,26650.56,Female,,2023-05-28
180,59,41797.12,Male,114.06,2023-03-27
994,40,59724.21,Female,115.03,2023-07-17
522,22,40295.95,Female,55.04,2023-02-28
23,55,40240.36,Female,227.34,2023-01-29
357,68,64764.84,Male,48.6,2023-07-27
680,55,84364.14,male,221.21,2023-10-26
870,34,22970.29,Female,14.19,2023-04-17
341,37,84483.47,Female,21.07,2023-05-23
432,62,73661.8,Female,211.01,2023-10-23
803,67,38210.16,Male,18.26,2023-10-08
842,38,,Female,8.73,2023-03-18
204,26,60694.98,Male,7.52,2023-08-11
637,66,53016.49,Female,35.48,2023-09-03
94,41,16832.97,Female,8.1,2023-08-18
807,18,33449.5,Male,88.79,2023-08-12
69,21,51298.85,Female,22.59,2023-05-23
629,34,47139.76,Male,13.84,2023-07-09
285,48,,Female,79.22,2023-10-14
886,51,36000.98,Female,5.39,2023-04-16
435,25,59118.45,Male,108.43,2023-05-17
154,43,25177.15,Female,24.5,2023-02-21
76,43,43511.63,Male,139.42,2023-04-22
738,49,82177.24,Female,42.4,2023-05-01
447,40,73482.86,Female,2.57,2023-10-09
189,28,68691.28,Female,69.51,2023-01-11
272,69,65804.63,Male,33.36,2023-09-04
237,36,44545.82,Female,39.68,2023-01-18
488,40,28538.37,Male,2.68,2023-03-11
118,22,55659.51,Female,429.02,2023-08-03
827,23,66288.43,Male,67.05,2023-12-01
513,46,34975.7,Female,32.45,2023-06-30
558,29,65706.47,Male,48.0,2023-04-09
598,28,62753.33,Male,3.73,2023-09-06
127,51,23319.2,Male,98.01,2023-08-11
117,50,43335.6,Male,0.62,2023-06-30
474,57,66759.44,Female,197.86,2023-03-30
966,47,58795.46,Male,14.55,2023-06-11
58,64,41346.62,Female,54.82,2023-05-13
681,24,29156.41,male,35.65,2023-04-06
921,64,67785.56,Female,13.03,2023-01-22
370,36,41667.84,Male,129.9,2023-02-11
269,37,36151.5,Male,21.8,2023-07-27
47,56,53895.84,Female,46.98,2023-06-15
350,39,36220.22,Male,0.55,2023-05-17
196,69,76284.06,Female,22.62,2023-08-26
137,44,57215.14,Male,36.59,2023-04-29
843,31,50967.12,Female,28.79,2023-10-25
744,28,48052.69,Male,73.35,2023-08-31
264,53,39113.84,Male,23.72,2023-08-10
444,51,27152.2,Female,49.36,2023-09-07
810,64,87394.99,Male,,2023-12-22
305,36,62508.83,Female,72.78,2023-09-30
342,25,,FEMALE,29.64,2023-07-20
605,54,65454.25,Male,92.36,2023-12-03
977,32,69346.29,Male,2.78,2023-12-22
150,44,72943.25,Male,85.95,2023-10-03
125,25,38393.16,Male,94.42,2023-08-22
794,23,52125.75,FEMALE,127.37,2023-10-02
831,48,70853.11,Female,54.49,2023-02-19
51,31,49008.8,Female,68.36,2023-07-08
354,55,,Male,221.8,2023-08-15
936,46,54028.88,Female,15.82,2023-07-20
143,31,73897.8,Male,5.25,2023-01-11
471,47,31226.91,Male,16.24,2023-07-02
400,48,42036.97,Male,,2023-05-27
632,65,57435.23,Male,36.18,2023-12-18
321,52,51441.81,Female,4.17,2023-09-29
20,41,78641.25,Female,122.69,2023-01-25
818,66,54825.47,FEMALE,17.6,2023-12-22
801,27,60621.63,Male,13.83,2023-10-12
817,44,,Female,7.79,2023-08-09
408,39,66630.55,Male,30.92,2023-08-02
538,51,56362.49,Male,189.14,2023-07-05
627,58,40643.47,Female,4.89,2023-07-27
39,61,24958.92,Male,22.05,2023-11-11
176,68,49638.12,Female,80.34,2023-01-13
246,34,55213.73,Female,132.96,2023-08-17
837,54,40857.32,Male,143.1,2023-06-14
674,64,65147.26,Female,79.78,2023-07-31
762,29,34778.65,Male,12.24,2023-03-13
867,22,29496.82,Male,28.41,2023-01-16
155,59,62347.56,Male,18.51,2023-09-28
288,52,77186.73,Female,103.77,2023-11-21
821,51,47375.6,Female,19.71,2023-11-25
570,57,55937.05,Female,18.75,2023-03-19
751,64,48675.77,Male,25.07,2023-08-27
18,39,29258.0,FEMALE,153.5,2023-05-18
128,50,72440.66,Male,102.55,2023-04-29
323,42,43482.56,Male,200.19,2023-09-03
256,33,64740.36,Male,73.82,2023-10-08
775,25,75088.59,Female,30.9,2023-11-21
975,52,61300.12,Female,19.52,2023-05-07
191,42,44859.69,Male,96.66,2023-04-06
116,52,35318.54,Male,220.99,2023-06-04
623,30,66622.74,Female,22.79,2023-08-27
607,41,46114.37,Male,4.96,2023-06-12
181,62,49508.7,Female,56.29,2023-01-04
302,26,59158.79,Male,32.54,2023-10-03
514,31,45783.5,Female,162.55,2023-11-07
900,68,42681.33,Female,,2023-11-01
731,66,39223.89,Male,61.47,2023-03-26
844,26,20368.0,Female,10.79,2023-05-17
668,52,37295.58,Male,202.69,2023-04-16
518,66,58588.74,Female,34.97,2023-12-24
995,63,48185.78,Male,136.65,2023-12-03
46,26,50721.27,Female,68.89,2023-06-19
918,65,40146.59,Female,77.85,2023-09-03
158,49,30573.82,Male,185.38,2023-05-06
752,58,88695.64,Male,48.89,2023-10-31
172,53,33402.11,Female,41.77,2023-02-08
17,20,36865.73,Female,26.38,2023-05-05
512,39,39770.24,Male,14.03,2023-08-25
49,21,59578.89,Male,356.37,2023-07-22
982,45,37242.19,Male,27.54,2023-01-18
849,30,72961.26,Male,16.0,2023-05-27
516,22,59612.64,Male,293.32,2023-02-25
693,55,38690.53,Female,20.96,2023-11-12
481,36,52947.82,Male,,2023-10-21
284,40,39452.35,Female,51.24,2023-11-11
850,21,68281.43,Female,49.62,2023-06-08
661,56,47749.17,Male,26.27,2023-12-16
226,66,76321.91,Female,100.2,2023-03-23
27,29,50727.82,male,54.57,2023-03-02
790,46,59137.07,Male,48.96,2023-10-20
438,31,52911.35,Female,31.08,2023-10-14
960,44,67602.11,Female,,2023-10-07
365,45,54337.53,Female,3.14,2023-07-09
230,19,48549.3,Male,,2023-11-28
38,68,61270.81,Female,29.35,2023-07-10
976,69,55717.38,Male,57.05,2023-12-02
375,61,37514.67,Male,226.43,2023-12-17
470,69,55280.83,Male,135.19,2023-06-25
978,64,60097.72,Male,76.94,2023-08-05
859,56,52408.61,Male,20.44,2023-07-06
713,27,26105.09,Female,,2023-10-08
733,50,45575.75,Male,21.92,2023-06-22
195,44,33341.36,Male,3.36,2023-05-08
910,41,39834.27,Female,4.81,2023-09-23
873,40,41352.34,Male,43.96,2023-12-07
504,39,32624.53,Female,76.15,2023-05-18
980,31,31635.53,Male,159.74,2023-06-13
883,51,67948.57,Female,241.09,2023-06-30
580,68,7271.86,Male,112.66,2023-08-29
979,39,47923.16,Male,27.31,2023-04-06
163,21,46313.85,Female,17.94,2023-02-25
709,36,51580.63,Female,22.11,2023-02-16
153,32,34818.43,Male,36.09,2023-08-04
688,44,62801.23,Female,39.79,2023-05-30
707,23,58250.78,Male,19.99,2023-06-24
763,27,40260.84,Male,5.12,2023-09-20
112,68,55004.93,Female,31.1,2023-08-23
227,34,18771.06,Female,210.79,2023-11-29
695,25,24605.65,Female,89.97,2023-03-28
104,24,53723.31,Male,182.62,2023-01-29
422,46,69176.78,Male,23.86,2023-03-24
420,65,44099.92,Male,76.02,2023-09-04
758,20,74425.95,Female,36.9,2023-05-10
587,46,42984.48,Female,,2023-11-01
788,45,68541.4,Female,34.91,2023-06-29
673,35,74630.23,Male,84.54,2023-07-21
120,56,36167.52,Female,123.41,2023-09-13
54,43,50710.98,Male,15.73,2023-07-01
152,32,43596.78,Male,5.3,2023-12-24
404,41,77700.61,Female,103.37,2023-04-29
954,63,54238.7,Female,70.81,2023-01-12
208,59,56663.95,Male,26.31,2023-07-03
659,40,45536.55,Female,85.84,2023-06-22
852,66,72360.89,Male,1.28,2023-12-07
988,43,56669.04,Female,60.18,2023-07-06
9,36,49880.41,Female,12.21,2023-07-26
909,37,56899.58,Male,55.65,2023-04-06
37,64,51489.98,Female,4.16,2023-07-16
453,66,56600.22,Male,40.17,2023-01-05
652,22,56803.01,Male,68.41,2023-08-18
254,28,57088.96,Male,24.5,2023-02-08
304,52,66211.71,Male,24.95,2023-12-03
754,31,74586.75,Male,47.28,2023-03-17
572,60,53910.11,Male,118.93,2023-06-12
624,40,34401.41,male,22.64,2023-11-20
717,20,53358.71,Female,211.82,2023-03-15
905,27,,Male,46.31,2023-03-25
263,37,57764.89,Male,154.65,2023-02-22
611,65,60914.44,Female,80.96,2023-11-13
298,29,59310.08,Male,24.3,2023-01-13
415,34,47493.23,Female,,2023-11-04
151,26,47629.88,Female,3.61,2023-02-19
984,31,58828.68,Male,389.32,2023-07-14
641,36,59580.95,Female,21.89,2023-06-20
938,67,57617.54,Male,19.35,2023-12-18
551,19,55988.35,Male,28.62,2023-09-06
799,42,52003.11,Male,,2023-01-27
489,26,51921.57,Female,9.58,2023-04-23
711,56,40979.49,Male,,2023-08-03
148,31,66412.87,Female,48.61,2023-10-17
147,43,50835.87,Female,5.6,2023-02-27
854,49,44943.71,Male,,2023-12-05
940,36,66087.61,Female,38.72,2023-06-25
747,52,64458.19,Female,121.91,2023-12-12
660,33,70635.6,Female,65.91,2023-05-31
349,68,29833.24,Female,11.15,2023-11-04
464,22,33948.73,Male,45.28,2023-06-11
326,46,42818.77,Female,55.04,2023-12-25
187,37,10235.45,Female,23.41,2023-05-10
124,26,78151.94,Male,125.76,2023-10-20
862,20,67859.69,Male,53.7,2023-07-13
609,66,48925.98,Male,23.56,2023-02-13
144,20,42331.76,Female,217.26,2023-04-08
969,34,54632.5,Female,32.16,2023-11-28
198,58,69073.33,Male,4.53,2023-04-22
610,52,49441.67,Male,39.69,2023-12-26
280,28,,Female,63.29,2023-09-13
294,66,26446.63,Male,115.21,2023-09-11
401,20,42658.41,Female,76.89,2023-07-03
123,24,56201.52,Male,93.72,2023-07-31
184,45,51596.45,Female,104.52,2023-06-15
203,44,31668.08,Male,,2023-09-04
439,29,66104.48,Male,74.83,2023-05-22
247,55,41903.6,FEMALE,16.68,2023-03-18
416,57,52200.71,Male,7.02,2023-02-27
784,26,28794.28,Female,,2023-04-11
868,47,46628.52,FEMALE,109.77,2023-10-29
915,30,29793.11,Male,113.72,2023-12-27
931,42,56838.32,Female,70.05,2023-11-18
896,41,65598.57,Female,,2023-01-12
130,40,49166.23,Male,101.71,2023-09-21
638,53,65759.82,Male,21.48,2023-05-16
403,63,60228.37,Male,58.28,2023-02-07
895,50,39963.91,Female,32.62,2023-07-14
778,45,49163.46,Male,109.01,2023-10-19
736,61,,Female,76.86,2023-09-15
922,40,60784.3,Male,15.18,2023-07-04
220,29,65735.14,Female,85.18,2023-12-03
642,29,32854.93,Female,23.72,2023-06-08
924,48,38648.07,Female,97.03,2023-12-29
760,40,46946.29,Female,21.1,2023-10-10
815,42,63786.15,Female,19.35,2023-05-21
928,21,46237.5,Male,74.32,2023-06-11
625,42,59191.61,Female,39.6,2023-10-23
847,68,31854.58,male,34.81,2023-05-15
768,29,26661.57,Male,80.89,2023-09-11
387,63,59878.16,Male,278.09,2023-08-15
983,40,41292.15,Male,161.86,2023-10-21
510,68,19373.98,Male,87.29,2023-07-11
268,36,28900.08,Male,50.78,2023-08-14
828,45,57120.47,Female,56.97,2023-05-28
442,32,39498.19,Male,175.28,2023-10-17
497,42,26241.46,Male,25.39,2023-08-15
113,34,65563.1,Female,,2023-01-07
692,54,49061.1,Female,39.84,2023-01-03
233,54,49435.48,Female,3.46,2023-11-23
878,19,52750.4,Male,15.92,2023-07-28
608,52,47054.75,Female,107.2,2023-05-02
672,28,30153.65,Male,62.0,2023-08-17
374,34,41438.81,Male,19.39,2023-06-20
992,20,50220.32,Female,27.68,2023-08-19
851,18,46798.36,Female,38.04,2023-06-12
234,49,66549.53,Male,31.25,2023-09-06
793,52,68196.47,Female,79.09,2023-08-16
677,27,64726.48,Male,,2023-11-19
318,55,50446.34,Female,46.33,2023-08-17
649,36,54820.36,Male,24.7,2023-05-05
411,44,66000.12,Female,70.43,2023-10-26
907,27,50480.06,Female,114.25,2023-10-11
710,61,,Male,19.91,2023-09-13
359,44,49258.04,Male,,2023-10-15
259,23,22386.89,Male,72.46,2023-07-06
745,54,50657.17,Female,192.73,2023-01-18
628,47,78710.47,Female,51.19,2023-08-08
633,42,52256.28,Male,93.73,2023-08-25
283,67,67239.1,Female,231.73,2023-06-26
377,47,41716.65,Female,211.73,2023-08-09
385,46,54287.98,Female,5.31,2023-07-19
225,54,30793.56,Female,236.8,2023-08-07
964,39,40229.65,Male,105.36,2023-05-26
823,52,58047.65,Female,34.72,2023-02-07
473,52,48767.73,Female,5.01,2023-09-03
348,29,45773.23,Male,,2023-11-09
506,20,63160.43,male,,2023-06-29
640,58,67805.45,Male,46.19,2023-09-28
998,62,43438.13,Male,2.88,2023-11-13
798,64,45363.25,Male,66.01,2023-06-14
937,49,72927.03,Male,26.36,2023-01-10
914,19,52770.2,Male,97.53,2023-11-29
620,54,6556.17,Female,37.93,2023-05-21
864,29,27726.53,Male,120.58,2023-09-30
812,28,62577.36,Female,1.35,2023-02-14
646,31,,Male,5.61,2023-03-12
855,51,40798.96,Female,45.01,2023-04-05
557,41,53366.78,Female,205.74,2023-06-15
968,65,50319.07,Male,84.03,2023-11-10
578,63,44440.79,Male,138.96,2023-10-10
796,68,55899.77,Male,96.58,2023-01-21
86,31,34878.71,Male,140.47,2023-05-11
243,49,52562.98,Male,,2023-11-14
699,39,52698.41,Male,71.07,2023-04-23
160,66,75035.32,Female,165.59,2023-03-13
525,43,63427.9,Female,106.19,2023-12-26
36,32,35336.67,Male,15.15,2023-01-28
541,27,49634.68,Male,87.7,2023-09-04
171,46,45966.67,Female,48.95,2023-05-18
655,42,67842.06,Male,1.07,2023-08-09
899,59,60168.89,Female,89.8,2023-07-01
866,61,64014.8,Female,46.46,2023-05-24
856,45,45462.95,Female,57.58,2023-06-30
953,43,,Female,,2023-01-15
734,55,68716.13,Female,,2023-07-28
96,42,61562.98,Male,40.48,2023-10-19
564,60,63254.9,Male,1.79,2023-01-17
241,49,29777.22,Male,32.32,2023-12-11
743,38,47220.69,Female,40.91,2023-08-29
575,30,49616.69,Male,3.71,2023-03-13
691,46,51563.02,Male,172.19,2023-09-08
461,25,59753.02,Male,156.16,2023-02-13
554,49,73609.8,Female,84.55,2023-12-01
887,35,43350.77,Male,,2023-10-07
207,68,60664.4,Male,129.48,2023-06-30
393,49,49503.1,Female,51.59,2023-03-04
795,35,84789.94,Male,137.01,2023-04-16
398,42,,Female,88.69,2023-09-30
767,55,53506.79,Female,117.79,2023-05-21
884,55,47622.06,Male,4.82,2023-04-16
218,66,47226.47,Female,34.33,2023-06-16
5,60,,male,33.94,2023-06-15
769,41,54963.2,Female,8.19,2023-02-12
643,26,74501.47,Female,74.85,2023-07-20
906,34,73422.67,Male,0.37,2023-06-15
613,35,60989.6,Male,4.08,2023-11-23
739,62,32186.02,Male,69.64,2023-10-25
547,21,59202.77,Female,22.42,2023-02-09
726,56,40056.49,Female,93.74,2023-02-17
684,57,86596.29,Female,78.13,2023-08-02
99,46,55077.45,Female,4.51,2023-12-30
805,22,22456.92,Male,12.65,2023-11-15
728,20,76243.65,Male,4.96,2023-09-23
574,46,39925.65,Female,238.86,2023-08-27
407,64,58859.82,Male,0.64,2023-03-09
503,22,49945.96,Male,17.78,2023-08-30
48,35,36435.25,Male,35.97,2023-01-14
33,59,41348.43,Female,40.64,2023-05-19
780,58,51140.08,Female,171.57,2023-04-28
840,36,57945.39,Male,8.58,2023-10-27
201,23,42132.2,Female,19.84,2023-05-25
135,57,51640.92,Male,5.66,2023-08-19
28,39,37535.75,Male,11.72,2023-06-02
889,32,47405.81,Female,39.78,2023-04-18
231,45,41826.21,Female,106.57,2023-02-07
490,29,39784.23,Female,101.53,2023-12-29
773,53,68415.03,Female,50.65,2023-10-19
379,63,53043.85,Female,87.07,2023-12-07
289,24,60616.28,Female,51.57,2023-07-09
419,60,55530.1,Female,45.89,2023-08-16
675,29,39677.74,Male,,2023-01-06
392,38,39036.05,Male,225.56,2023-04-25
593,58,64944.0,Male,59.36,2023-07-17
499,62,61787.0,Female,18.33,2023-12-26
139,18,38142.88,Male,30.03,2023-09-30
63,52,12925.33,Female,53.36,2023-12-05
472,64,71656.47,Female,5.17,2023-05-09
648,69,54931.44,Female,211.72,2023-04-13
129,65,59815.48,Female,75.22,2023-11-09
987,62,32061.75,Male,20.05,2023-05-03
521,69,50894.46,Male,5.72,2023-03-14
839,27,50849.75,Male,53.23,2023-11-20
973,25,58482.64,Female,2.4,2023-01-22
65,34,58656.08,Male,9.8,2023-03-05
813,38,51227.44,Female,12.69,2023-10-02
15,57,34441.31,Male,8.64,2023-07-16
157,68,30650.59,Female,113.89,2023-10-20
41,20,40060.64,Female,57.11,2023-05-29
493,64,43307.25,Male,51.74,2023-10-30
380,23,27263.84,Female,277.96,2023-02-25
188,47,66372.6,Male,10.06,2023-01-31
764,49,31640.9,Male,14.38,2023-07-10
217,66,63860.41,Female,47.66,2023-11-15
792,63,45253.87,Male,137.04,2023-07-14
53,26,40222.46,Male,,2023-02-24
879,28,49770.35,Female,4.85,2023-08-13
338,31,65982.21,Female,70.73,2023-02-24
749,37,41637.62,Male,41.08,2023-09-19
720,67,43558.92,Female,121.21,2023-04-04
725,58,39470.12,Female,95.08,2023-04-26
296,18,46287.22,Female,21.61,2023-09-07
702,24,26442.49,Female,6.71,2023-11-25
252,23,24461.25,Male,79.28,2023-11-06
727,18,28960.92,Female,51.59,2023-08-14
462,61,48512.36,Female,38.06,2023-10-09
456,23,60625.35,Male,99.54,2023-04-23
627,58,40643.47,Female,4.89,2023-07-27
816,39,45645.88,Female,30.62,2023-11-14
863,67,64243.31,Male,126.6,2023-11-12
270,49,29724.73,Male,126.33,2023-04-06
202,25,,Male,94.54,2023-03-06
162,49,27452.86,Female,45.3,2023-08-24
556,37,28034.38,Male,57.8,2023-01-22
730,45,39606.42,Male,177.48,2023-01-11
402,57,65662.41,Female,12.43,2023-01-28
703,42,35155.58,Male,15.56,2023-10-06
477,30,,Female,116.58,2023-05-29
822,58,38663.82,Male,,2023-08-19
772,45,55610.85,Female,20.13,2023-09-10
106,41,37252.33,Female,45.35,2023-07-28
566,29,26354.12,Female,0.8,2023-05-21
390,50,38025.54,Male,166.94,2023-11-01
2,69,,Female,1.95,2023-10-31
946,39,33451.87,Male,33.78,2023-05-04
993,64,38226.53,male,96.53,2023-07-25
562,50,,Male,92.82,2023-06-24
81,31,63066.87,Male,100.42,2023-10-23
206,50,44377.69,FEMALE,22.07,2023-04-16
35,33,57513.76,Female,21.01,2023-07-02
776,67,56285.29,Male,30.56,2023-03-31
509,33,53125.74,Male,27.54,2023-03-02
428,41,82448.82,Female,32.53,2023-07-03
455,59,34681.51,Male,50.9,2023-10-10
367,50,40433.9,Female,41.28,2023-11-17
92,35,46713.49,Female,218.72,2023-11-18
340,65,71140.21,Female,78.49,2023-04-26
898,47,77390.15,Male,43.68,2023-10-10
565,54,59784.84,Male,127.84,2023-03-31
346,50,42157.1,Female,154.6,2023-02-22
777,45,,Male,123.44,2023-07-27
242,23,61148.96,Male,3.76,2023-08-12
14,53,58083.65,Female,161.24,2023-07-27
316,25,60222.51,Female,18.14,2023-07-06
601,42,45175.47,Female,25.65,2023-02-13
388,48,,Female,14.76,2023-05-19
274,50,89485.73,Female,1.37,2023-11-14
167,56,46535.98,Female,31.0,2023-04-03
841,34,48942.52,Male,65.13,2023-10-17
741,38,,Female,85.56,2023-11-27
647,48,49037.92,Female,5.5,2023-12-30
819,30,39978.64,Male,51.26,2023-01-22
485,43,39854.12,Female,54.22,2023-10-29
991,24,47989.74,Female,476.4,2023-08-31
505,46,,Male,,2023-12-11
832,22,58367.15,Male,83.45,2023-12-04
244,21,47240.25,Male,37.71,2023-12-31
567,20,72148.11,Female,85.15,2023-05-25
876,38,55877.06,Female,113.91,2023-11-02
563,68,47410.59,Male,33.96,2023-09-30
963,64,55995.32,Female,118.1,2023-12-23
687,67,58921.32,Male,0.58,2023-07-12
958,43,61023.17,Female,83.04,2023-05-05
190,45,18899.15,Male,3.91,2023-10-29
783,34,52540.41,Male,30.63,2023-03-17
700,69,70880.03,Male,19.4,2023-09-08
476,33,56851.3,Female,36.86,2023-06-07
682,63,25319.02,Male,128.19,2023-12-03
511,54,46292.34,Female,118.79,2023-01-05
59,24,62535.38,Male,18.09,2023-12-09
475,69,55140.88,Male,49.5,2023-03-07
561,50,66180.21,Male,107.99,2023-07-09
857,48,44177.35,Female,69.3,2023-10-15
748,36,83157.85,Female,24.21,2023-05-24
253,39,65437.33,Female,65.51,2023-05-12
22,47,58444.54,Female,,2023-03-02
314,28,65797.29,Female,25.26,2023-11-11
460,50,63086.86,Female,204.91,2023-06-30
161,69,46106.13,Female,27.15,2023-10-23
277,35,37124.63,Female,,2023-07-25
956,66,74110.18,Female,21.98,2023-06-05
192,56,44428.39,Female,26.75,2023-07-09
386,66,55016.85,Female,68.16,2023-08-21
806,50,57619.87,Male,0.14,2023-06-13
414,43,59730.65,Male,131.89,2023-09-26
492,18,40210.64,Male,37.72,2023-12-30
344,20,718007.7000000001,Female,24.02,2023-07-21
770,45,62502.93,Female,23.89,2023-01-17
309,37,56444.27,Female,160.18,2023-04-19
662,62,51883.65,Male,22.13,2023-05-02
131,41,54199.53,Female,130.92,2023-07-26
664,56,50233.69,Female,140.74,2023-01-04
872,64,61387.33,Male,149.93,2023-05-09
100,32,43770.68,Male,150.47,2023-10-26
373,66,71307.56,Male,134.59,2023-04-13
88,57,44727.3,Female,36.65,2023-07-03
459,54,30795.43,Female,157.16,2023-04-15
331,52,71704.67,Male,15.26,2023-04-04
215,58,54892.0,Female,6.55,2023-04-16
467,23,49316.21,FEMALE,62.61,2023-05-20
122,45,70334.57,Female,1.01,2023-06-28
615,56,51179.53,Female,202.33,2023-02-19
21,61,29021.49,Female,289.52,2023-03-09
701,34,63774.75,Female,87.64,2023-08-21
72,59,53816.31,Female,11.28,2023-08-30
107,18,62455.04,Female,81.47,2023-05-08
271,24,35361.9,Female,1.04,2023-07-19
861,51,56554.07,Female,,2023-05-10
436,63,52799.14,Male,20.23,2023-07-03
103,42,52727.99,Male,68.96,2023-01-08
